"","folder","time_cat","meanACI","sdACI","minACI","maxACI","meanNDSI","sdNDSI","minNDSI","maxNDSI"
"1","Ruelles-Vertes","afternoon",147.274675913351,9.95510008090713,102.888315623418,219.796140588529,0.469384162410861,0.469656992367597,-0.8769274198181,0.999905046015326
"2","Ruelles-Vertes","evening",147.660778224025,11.3477957330177,107.725354988402,256.591519352724,0.519187097506933,0.459423395025534,-0.944828283320455,0.999815824750492
"3","Ruelles-Vertes","morning",149.152883418709,7.7139571507392,111.649556565871,212.42674025274,0.34241208636034,0.464773000175478,-0.919088705610649,0.999797740659771
